id_str,from_user,text,created_at,time,in_reply_to_user_id,user_followers_count,friends_count
4925010835,achmadfarid96,"RT @GOAL_ID: ""Bendera adalah wajah negara, jadi harus dihargai."" 

Shin Tae-yong buka suara terkait momen viral di #SEAGames2021 itu dalamâ€¦",2022-06-12 12:03:06,2022-06-12 12:03:06,,232,437
132356440,serlytaE,Ganda putri yg baru dipasangkan &amp; masuk final di debut mereka di #IndonesiaMasters2022 stlh emas #SEAGames2021 ituâ€¦ https://t.co/3dTr8Dimyi,2022-06-12 09:17:13,2022-06-12 12:03:06,,193,381
1489629154899546115,leeheyleee,"Apri/Fadia vs Aimsaard sisters
Final #SEAGames2021 https://t.co/dJIDPOxeUs",2022-06-11 18:15:06,2022-06-12 12:03:06,1489629154899546115,4,38
1388765761385033734,bettaprogress,"RT @GOAL_ID: ""Bendera adalah wajah negara, jadi harus dihargai."" 

Shin Tae-yong buka suara terkait momen viral di #SEAGames2021 itu dalamâ€¦",2022-06-11 09:02:23,2022-06-12 12:03:06,,16,145
339657308,mastom_13,"RT @GOAL_ID: ""Bendera adalah wajah negara, jadi harus dihargai."" 

Shin Tae-yong buka suara terkait momen viral di #SEAGames2021 itu dalamâ€¦",2022-06-11 01:42:46,2022-06-12 12:03:06,,321,216
1258308894,siruthP,"RT @GOAL_ID: ""Bendera adalah wajah negara, jadi harus dihargai."" 

Shin Tae-yong buka suara terkait momen viral di #SEAGames2021 itu dalamâ€¦",2022-06-10 23:12:31,2022-06-12 12:03:06,,2527,3469
1442037224875315201,fallguyjames,"RT @GOAL_ID: ""Bendera adalah wajah negara, jadi harus dihargai."" 

Shin Tae-yong buka suara terkait momen viral di #SEAGames2021 itu dalamâ€¦",2022-06-10 18:45:21,2022-06-12 12:03:06,,726,447
2795328739,brienso63,"RT @GOAL_ID: ""Bendera adalah wajah negara, jadi harus dihargai."" 

Shin Tae-yong buka suara terkait momen viral di #SEAGames2021 itu dalamâ€¦",2022-06-10 16:23:14,2022-06-12 12:03:06,,158,341
1320626255641808901,FahrurraziMohd,RT @JPenerangan: Tahniah kepada Nur Dhabitah Sabri yang telah berjaya menyumbang pingat emas yang pertama buat negara dengan pungutan mataâ€¦,2022-06-10 14:10:26,2022-06-12 12:03:06,,57,1888
1320626255641808901,FahrurraziMohd,RT @JPenerangan: Emas kedua negara berjaya disumbang oleh gandingan Chew Yi Wei dan Ooi Tze Liang. Mereka memperoleh emas dalam acara terjuâ€¦,2022-06-10 14:10:22,2022-06-12 12:03:06,,57,1888
1320626255641808901,FahrurraziMohd,"RT @TeamMsia: Kedudukan pingat #SEAGames2021 | 9 Mei 2022

Masih berada di kedudukan pertama dengan tambahan 3 lagi pingat #Hanoi2021. Sekaâ€¦",2022-06-10 14:10:08,2022-06-12 12:03:06,,57,1888
1320626255641808901,FahrurraziMohd,RT @JPenerangan: Tahniah diucapkan kepada Ooi Tze Liang yang telah menyumbang pingat emas ketiga buat kontinjen Malaysia di Sukan SEA Hanoiâ€¦,2022-06-10 14:08:56,2022-06-12 12:03:06,,57,1888
1321270932787265538,RahmadF1303,"RT @GOAL_ID: ""Bendera adalah wajah negara, jadi harus dihargai."" 

Shin Tae-yong buka suara terkait momen viral di #SEAGames2021 itu dalamâ€¦",2022-06-10 14:08:52,2022-06-12 12:03:06,,16,63
1328095687586680832,bandaralotibe2,"RT @GOAL_ID: ""Bendera adalah wajah negara, jadi harus dihargai."" 

Shin Tae-yong buka suara terkait momen viral di #SEAGames2021 itu dalamâ€¦",2022-06-10 13:20:18,2022-06-12 12:03:06,,5,103
1472888498503913478,pexxys,"RT @GOAL_ID: ""Bendera adalah wajah negara, jadi harus dihargai."" 

Shin Tae-yong buka suara terkait momen viral di #SEAGames2021 itu dalamâ€¦",2022-06-10 12:44:22,2022-06-12 12:03:06,,63,798
3231230743,tagorisme,"RT @GOAL_ID: ""Bendera adalah wajah negara, jadi harus dihargai."" 

Shin Tae-yong buka suara terkait momen viral di #SEAGames2021 itu dalamâ€¦",2022-06-10 12:02:52,2022-06-12 12:03:06,,39,264
894435548533628928,autumnsair,"RT @GOAL_ID: ""Bendera adalah wajah negara, jadi harus dihargai."" 

Shin Tae-yong buka suara terkait momen viral di #SEAGames2021 itu dalamâ€¦",2022-06-10 11:41:47,2022-06-12 12:03:06,,1154,1783
222996700,widyous,"RT @GOAL_ID: ""Bendera adalah wajah negara, jadi harus dihargai."" 

Shin Tae-yong buka suara terkait momen viral di #SEAGames2021 itu dalamâ€¦",2022-06-10 10:08:47,2022-06-12 12:03:06,,1442,578
1631938316,EPras92_,"RT @GOAL_ID: ""Bendera adalah wajah negara, jadi harus dihargai."" 

Shin Tae-yong buka suara terkait momen viral di #SEAGames2021 itu dalamâ€¦",2022-06-10 09:52:21,2022-06-12 12:03:06,,5239,5000
757231870513860610,eherryani,"RT @GOAL_ID: ""Bendera adalah wajah negara, jadi harus dihargai."" 

Shin Tae-yong buka suara terkait momen viral di #SEAGames2021 itu dalamâ€¦",2022-06-10 09:48:06,2022-06-12 12:03:06,,96,222
153939843,hidenidealer,"RT @GOAL_ID: ""Bendera adalah wajah negara, jadi harus dihargai."" 

Shin Tae-yong buka suara terkait momen viral di #SEAGames2021 itu dalamâ€¦",2022-06-10 09:40:14,2022-06-12 12:03:06,,22,48
970490376669741056,0292crew,"RT @GOAL_ID: ""Bendera adalah wajah negara, jadi harus dihargai."" 

Shin Tae-yong buka suara terkait momen viral di #SEAGames2021 itu dalamâ€¦",2022-06-10 09:11:26,2022-06-12 12:03:06,,576,93
867394003381108736,fajarak_,"RT @GOAL_ID: ""Bendera adalah wajah negara, jadi harus dihargai."" 

Shin Tae-yong buka suara terkait momen viral di #SEAGames2021 itu dalamâ€¦",2022-06-10 08:36:27,2022-06-12 12:03:06,,1005,855
1535175378016555008,Andika993889763,"RT @GOAL_ID: ""Bendera adalah wajah negara, jadi harus dihargai."" 

Shin Tae-yong buka suara terkait momen viral di #SEAGames2021 itu dalamâ€¦",2022-06-10 08:30:34,2022-06-12 12:03:06,,3,14
1184308039764959232,SAM90737917,"RT @GOAL_ID: ""Bendera adalah wajah negara, jadi harus dihargai."" 

Shin Tae-yong buka suara terkait momen viral di #SEAGames2021 itu dalamâ€¦",2022-06-10 08:16:55,2022-06-12 12:03:06,,26,257
1061799710246166530,salprialdi_,"RT @GOAL_ID: ""Bendera adalah wajah negara, jadi harus dihargai."" 

Shin Tae-yong buka suara terkait momen viral di #SEAGames2021 itu dalamâ€¦",2022-06-10 08:14:24,2022-06-12 12:03:06,,70,83
1280406380227121152,FrNurfaiz,"RT @GOAL_ID: ""Bendera adalah wajah negara, jadi harus dihargai."" 

Shin Tae-yong buka suara terkait momen viral di #SEAGames2021 itu dalamâ€¦",2022-06-10 07:50:11,2022-06-12 12:03:06,,62,511
1299949602494230528,yourlvrs,"RT @GOAL_ID: ""Bendera adalah wajah negara, jadi harus dihargai."" 

Shin Tae-yong buka suara terkait momen viral di #SEAGames2021 itu dalamâ€¦",2022-06-10 06:45:14,2022-06-12 12:03:06,,6,36
79716082,ghifaripp,"RT @GOAL_ID: ""Bendera adalah wajah negara, jadi harus dihargai."" 

Shin Tae-yong buka suara terkait momen viral di #SEAGames2021 itu dalamâ€¦",2022-06-10 06:30:36,2022-06-12 12:03:06,,682,424
869204751606366208,harypanji_p,"RT @GOAL_ID: ""Bendera adalah wajah negara, jadi harus dihargai."" 

Shin Tae-yong buka suara terkait momen viral di #SEAGames2021 itu dalamâ€¦",2022-06-10 06:23:33,2022-06-12 12:03:06,,93,474
1448909363205136399,155Gooners,"RT @GOAL_ID: ""Bendera adalah wajah negara, jadi harus dihargai."" 

Shin Tae-yong buka suara terkait momen viral di #SEAGames2021 itu dalamâ€¦",2022-06-10 06:12:41,2022-06-12 12:03:06,,5,97
54847910,rlrrlrll_ID,"RT @GOAL_ID: ""Bendera adalah wajah negara, jadi harus dihargai."" 

Shin Tae-yong buka suara terkait momen viral di #SEAGames2021 itu dalamâ€¦",2022-06-10 06:00:39,2022-06-12 12:03:06,,856,2652
1106489859714093058,zakyadn_,"RT @GOAL_ID: ""Bendera adalah wajah negara, jadi harus dihargai."" 

Shin Tae-yong buka suara terkait momen viral di #SEAGames2021 itu dalamâ€¦",2022-06-10 06:00:07,2022-06-12 12:03:06,,166,409
706725014,Roedi_TL,"RT @GOAL_ID: ""Bendera adalah wajah negara, jadi harus dihargai."" 

Shin Tae-yong buka suara terkait momen viral di #SEAGames2021 itu dalamâ€¦",2022-06-10 05:58:13,2022-06-12 12:03:06,,23,285
1087174249557553153,rahmatsett,"RT @GOAL_ID: ""Bendera adalah wajah negara, jadi harus dihargai."" 

Shin Tae-yong buka suara terkait momen viral di #SEAGames2021 itu dalamâ€¦",2022-06-10 05:54:34,2022-06-12 12:03:06,,273,236
910023336,_rizkykurniap22,"RT @GOAL_ID: ""Bendera adalah wajah negara, jadi harus dihargai."" 

Shin Tae-yong buka suara terkait momen viral di #SEAGames2021 itu dalamâ€¦",2022-06-10 05:53:38,2022-06-12 12:03:06,,439,640
1425662168276496385,manlii3,"RT @GOAL_ID: ""Bendera adalah wajah negara, jadi harus dihargai."" 

Shin Tae-yong buka suara terkait momen viral di #SEAGames2021 itu dalamâ€¦",2022-06-10 05:41:58,2022-06-12 12:03:06,,2,53
1251661214,nestomakatita16,"RT @GOAL_ID: ""Bendera adalah wajah negara, jadi harus dihargai."" 

Shin Tae-yong buka suara terkait momen viral di #SEAGames2021 itu dalamâ€¦",2022-06-10 05:41:13,2022-06-12 12:03:06,,306,1039
105320237,Anonim6948,"RT @GOAL_ID: ""Bendera adalah wajah negara, jadi harus dihargai."" 

Shin Tae-yong buka suara terkait momen viral di #SEAGames2021 itu dalamâ€¦",2022-06-10 05:23:26,2022-06-12 12:03:06,,75,916
1232920027793260544,tezzar_sg,"RT @GOAL_ID: ""Bendera adalah wajah negara, jadi harus dihargai."" 

Shin Tae-yong buka suara terkait momen viral di #SEAGames2021 itu dalamâ€¦",2022-06-10 04:53:05,2022-06-12 12:03:06,,111,124
155433256,ilham_gundoel,"RT @GOAL_ID: ""Bendera adalah wajah negara, jadi harus dihargai."" 

Shin Tae-yong buka suara terkait momen viral di #SEAGames2021 itu dalamâ€¦",2022-06-10 04:43:18,2022-06-12 12:03:06,,346,685
2929923385,marc_fx03,"RT @GOAL_ID: ""Bendera adalah wajah negara, jadi harus dihargai."" 

Shin Tae-yong buka suara terkait momen viral di #SEAGames2021 itu dalamâ€¦",2022-06-10 04:42:22,2022-06-12 12:03:06,,69,1527
951101750001324034,dewisuryaa_,"RT @GOAL_ID: ""Bendera adalah wajah negara, jadi harus dihargai."" 

Shin Tae-yong buka suara terkait momen viral di #SEAGames2021 itu dalamâ€¦",2022-06-10 04:38:57,2022-06-12 12:03:06,,471,1165
1042398647919341569,gwrangermerah,"RT @GOAL_ID: ""Bendera adalah wajah negara, jadi harus dihargai."" 

Shin Tae-yong buka suara terkait momen viral di #SEAGames2021 itu dalamâ€¦",2022-06-10 04:23:05,2022-06-12 12:03:06,,135,121
372403553,Fian_BoysSan,"RT @GOAL_ID: ""Bendera adalah wajah negara, jadi harus dihargai."" 

Shin Tae-yong buka suara terkait momen viral di #SEAGames2021 itu dalamâ€¦",2022-06-10 03:39:40,2022-06-12 12:03:06,,541,387
1199678461410828294,akbarmv_,"RT @GOAL_ID: ""Bendera adalah wajah negara, jadi harus dihargai."" 

Shin Tae-yong buka suara terkait momen viral di #SEAGames2021 itu dalamâ€¦",2022-06-10 03:30:26,2022-06-12 12:03:06,,14,120
1199737714523824128,DaniPrasetyo993,"RT @GOAL_ID: ""Bendera adalah wajah negara, jadi harus dihargai."" 

Shin Tae-yong buka suara terkait momen viral di #SEAGames2021 itu dalamâ€¦",2022-06-10 03:26:41,2022-06-12 12:03:06,,307,301
445611519,np_aditya,"RT @GOAL_ID: ""Bendera adalah wajah negara, jadi harus dihargai."" 

Shin Tae-yong buka suara terkait momen viral di #SEAGames2021 itu dalamâ€¦",2022-06-10 03:13:46,2022-06-12 12:03:06,,224,416
547436612,_tryagain__,"RT @GOAL_ID: ""Bendera adalah wajah negara, jadi harus dihargai."" 

Shin Tae-yong buka suara terkait momen viral di #SEAGames2021 itu dalamâ€¦",2022-06-10 03:01:57,2022-06-12 12:03:06,,386,196
447902445,harist_one,"RT @GOAL_ID: ""Bendera adalah wajah negara, jadi harus dihargai."" 

Shin Tae-yong buka suara terkait momen viral di #SEAGames2021 itu dalamâ€¦",2022-06-10 03:01:56,2022-06-12 12:03:06,,249,169
326798871,ClutchShooter15,"RT @GOAL_ID: ""Bendera adalah wajah negara, jadi harus dihargai."" 

Shin Tae-yong buka suara terkait momen viral di #SEAGames2021 itu dalamâ€¦",2022-06-10 03:01:21,2022-06-12 12:03:06,,60,39
3116749446,AbangIteung,"RT @GOAL_ID: ""Bendera adalah wajah negara, jadi harus dihargai."" 

Shin Tae-yong buka suara terkait momen viral di #SEAGames2021 itu dalamâ€¦",2022-06-10 03:00:55,2022-06-12 12:03:06,,613,564
345101149,dhy_ydh,"RT @GOAL_ID: ""Bendera adalah wajah negara, jadi harus dihargai."" 

Shin Tae-yong buka suara terkait momen viral di #SEAGames2021 itu dalamâ€¦",2022-06-10 02:53:46,2022-06-12 12:03:06,,27,156
1394057104705523712,amaro_sobri,"RT @GOAL_ID: ""Bendera adalah wajah negara, jadi harus dihargai."" 

Shin Tae-yong buka suara terkait momen viral di #SEAGames2021 itu dalamâ€¦",2022-06-10 02:35:22,2022-06-12 12:03:06,,21,69
1280511227777683457,rhngprt,"RT @GOAL_ID: ""Bendera adalah wajah negara, jadi harus dihargai."" 

Shin Tae-yong buka suara terkait momen viral di #SEAGames2021 itu dalamâ€¦",2022-06-10 02:23:48,2022-06-12 12:03:06,,81,155
1445168189810176006,JajameX5,"RT @GOAL_ID: ""Bendera adalah wajah negara, jadi harus dihargai."" 

Shin Tae-yong buka suara terkait momen viral di #SEAGames2021 itu dalamâ€¦",2022-06-10 02:17:30,2022-06-12 12:03:06,,2,251
206616971,novann_n,"RT @GOAL_ID: ""Bendera adalah wajah negara, jadi harus dihargai."" 

Shin Tae-yong buka suara terkait momen viral di #SEAGames2021 itu dalamâ€¦",2022-06-10 02:15:39,2022-06-12 12:03:06,,180,85
47538151,hendraarshavin,"RT @GOAL_ID: ""Bendera adalah wajah negara, jadi harus dihargai."" 

Shin Tae-yong buka suara terkait momen viral di #SEAGames2021 itu dalamâ€¦",2022-06-10 02:14:58,2022-06-12 12:03:06,,415,253
1602407888,siKuruy,"RT @GOAL_ID: ""Bendera adalah wajah negara, jadi harus dihargai."" 

Shin Tae-yong buka suara terkait momen viral di #SEAGames2021 itu dalamâ€¦",2022-06-10 02:13:06,2022-06-12 12:03:06,,229,179
175069523,alanesia,"RT @GOAL_ID: ""Bendera adalah wajah negara, jadi harus dihargai."" 

Shin Tae-yong buka suara terkait momen viral di #SEAGames2021 itu dalamâ€¦",2022-06-10 02:11:59,2022-06-12 12:03:06,,308,1541
241894051,arafah_tiar,"RT @GOAL_ID: ""Bendera adalah wajah negara, jadi harus dihargai."" 

Shin Tae-yong buka suara terkait momen viral di #SEAGames2021 itu dalamâ€¦",2022-06-10 02:05:17,2022-06-12 12:03:06,,427,4998
122617686,delta_rrg,"RT @GOAL_ID: ""Bendera adalah wajah negara, jadi harus dihargai."" 

Shin Tae-yong buka suara terkait momen viral di #SEAGames2021 itu dalamâ€¦",2022-06-10 02:01:01,2022-06-12 12:03:06,,516,982
754341559638695937,erlind_cahyo,"RT @GOAL_ID: ""Bendera adalah wajah negara, jadi harus dihargai."" 

Shin Tae-yong buka suara terkait momen viral di #SEAGames2021 itu dalamâ€¦",2022-06-10 01:56:50,2022-06-12 12:03:06,,357,907
428095892,DickyRachman_,"RT @GOAL_ID: ""Bendera adalah wajah negara, jadi harus dihargai."" 

Shin Tae-yong buka suara terkait momen viral di #SEAGames2021 itu dalamâ€¦",2022-06-10 01:52:04,2022-06-12 12:03:06,,608,369
210300525,akmalfauzy,"RT @GOAL_ID: ""Bendera adalah wajah negara, jadi harus dihargai."" 

Shin Tae-yong buka suara terkait momen viral di #SEAGames2021 itu dalamâ€¦",2022-06-10 01:49:40,2022-06-12 12:03:06,,493,555
27197792,GOAL_ID,"""Bendera adalah wajah negara, jadi harus dihargai."" 

Shin Tae-yong buka suara terkait momen viral di #SEAGames2021â€¦ https://t.co/DvUlCAUNoo",2022-06-10 01:47:57,2022-06-12 12:03:06,,2526263,489
1525595275481362432,Diah49900211,"RT @susilo: Apri: â€˜Kita mau satukan hati .. tanpa target apapun. Sama2 belajar, bgm berkomunikasi, bgm bermain di lapangan, sama2 mau menaiâ€¦",2022-06-09 22:16:41,2022-06-12 12:03:06,,0,10
1525595275481362432,Diah49900211,"RT @INABadminton: SEA Games 2021 cabang bulutangkis tiba di hari terakhir. 

Good luck Apri/Fadia, Pramudya/Yeremia dan Leo/Daniel. Go forâ€¦",2022-06-09 22:16:32,2022-06-12 12:03:06,,0,10
1525595275481362432,Diah49900211,"RT @INABadminton: Adnan/Mychelle belum berhasil ke laga puncak. Terima kasih untuk medali perunggunya. ğŸ’ªğŸ»ğŸ‡®ğŸ‡©

#BadmintonIndonesia #SEAGames2â€¦",2022-06-09 22:16:28,2022-06-12 12:03:06,,0,10
1525595275481362432,Diah49900211,"RT @INABadminton: Apri/Fadia jadi wakil pertama Indonesia di final! Keren!

#BadmintonIndonesia #SEAGames2021 https://t.co/XuwI8hMzCT",2022-06-09 22:16:25,2022-06-12 12:03:06,,0,10
1525595275481362432,Diah49900211,"RT @INABadminton: Lepas dari tekanan, Putri Kusuma Wardani kalahkan wakil tuan rumah.

#BadmintonIndonesia #SEAGames2021 https://t.co/I94Scâ€¦",2022-06-09 22:16:18,2022-06-12 12:03:06,,0,10
1525595275481362432,Diah49900211,"RT @INABadminton: Chico Aura Dwi Wardoyo dan Apriyani Rahayu didapuk menjadi kapten Tim Putra dan Putri SEA Games Vietnam 2021. Â©ï¸ğŸ˜

#Badmiâ€¦",2022-06-09 22:16:12,2022-06-12 12:03:06,,0,10
1525595275481362432,Diah49900211,"RT @INABadminton: Ini hasil undian beregu putri SEA Games 2021.

Indonesia mendapat bye hingga otomatis ke semifinal dan pastikan raih medaâ€¦",2022-06-09 22:13:42,2022-06-12 12:03:06,,0,10
1004984013939879936,fayaqof,RT @ASTROARENA: Terbaring Ahmad Atif Irshad lepas kena illegal jab daripada pahlawan Filipina ni ğŸ˜°  Doakan pahlawan Malaysia kita supaya tiâ€¦,2022-06-09 15:52:54,2022-06-12 12:03:06,,279,327
1192389223313096704,TitikTerangNews,#TimnasIndonesia mencetak sejarah dalam ajang Sea Games untuk pertama kali nya. Sejarah manis bola basket Indonesiaâ€¦ https://t.co/sHqIr5pufi,2022-06-09 14:55:21,2022-06-12 12:03:06,,3141,4665
1526766476392546304,JKhaefudin,"RT @iammoeslem21: ğŸ“¢ Alhamdulillah.... Ustadz Rahmat Baequni (URB) PERCAYA akan kebenaran mimpi ilahi Muhammad Qasim bin Abdul Karim!

Marilâ€¦",2022-06-09 13:30:17,2022-06-12 12:03:06,,135,189
84974974,WiratamaJody,"RT @ainurohman: SF #SEAGames2021

Kalah. Gagal ke Final. ENAM juara beregu putra SEA Games beruntun, akhirnya terhenti.

ğŸ‡®ğŸ‡© 2 vs ğŸ‡¹ğŸ‡­ 3

Indoâ€¦",2022-06-08 12:03:58,2022-06-12 12:03:06,,696,1228
865629740,iamsyafiqul,"RT @TeamMsia: Kalau senior bermain di home, tidak lupa juga #HarimauMalaya B-23 di Uzbekistan ğŸ‡ºğŸ‡¿ yang menentang juara #SEAGames2021, Vietnaâ€¦",2022-06-08 11:54:59,2022-06-12 12:03:06,,477,605
226855602,PapaQQs,"RT @TeamMsia: Kalau senior bermain di home, tidak lupa juga #HarimauMalaya B-23 di Uzbekistan ğŸ‡ºğŸ‡¿ yang menentang juara #SEAGames2021, Vietnaâ€¦",2022-06-08 07:44:36,2022-06-12 12:03:06,,944,1398
473720398,atik_amal,"RT @TeamMsia: Kalau senior bermain di home, tidak lupa juga #HarimauMalaya B-23 di Uzbekistan ğŸ‡ºğŸ‡¿ yang menentang juara #SEAGames2021, Vietnaâ€¦",2022-06-08 06:57:06,2022-06-12 12:03:06,,460,1056
776303921803374592,AGTV_news,"Rumor Ernando Ari dipulangkan ke PSIS Semarang terus menyeruak. Wali Kota Semarang, Hendrar Prihadi pun berharap Erâ€¦ https://t.co/WUHFQaxu9b",2022-06-08 06:40:12,2022-06-12 12:03:06,,185,901
902389612437422082,_hakimisuhaimi,"RT @TeamMsia: Kalau senior bermain di home, tidak lupa juga #HarimauMalaya B-23 di Uzbekistan ğŸ‡ºğŸ‡¿ yang menentang juara #SEAGames2021, Vietnaâ€¦",2022-06-08 06:30:22,2022-06-12 12:03:06,,113,92
1006755205,kecixSAN,"RT @TeamMsia: Kalau senior bermain di home, tidak lupa juga #HarimauMalaya B-23 di Uzbekistan ğŸ‡ºğŸ‡¿ yang menentang juara #SEAGames2021, Vietnaâ€¦",2022-06-08 06:22:09,2022-06-12 12:03:06,,162,295
1505699452631531524,txtdariesports,"RT @Esports_IDN: Semoga Luxxy bisa mewujudkan targetnya ya! 

Sc: Interview EsportsID
â €â €â €â €â €â €â €â €â €â €â €â €
#EsportsID #EsportsIDQuote #BTR #BTRLuxxâ€¦",2022-06-08 05:57:26,2022-06-12 12:03:06,,45,66
1640837904,TrafalgarZul,"RT @TeamMsia: Kalau senior bermain di home, tidak lupa juga #HarimauMalaya B-23 di Uzbekistan ğŸ‡ºğŸ‡¿ yang menentang juara #SEAGames2021, Vietnaâ€¦",2022-06-08 05:48:29,2022-06-12 12:03:06,,451,781
910695485442220032,Esports_IDN,"Semoga Luxxy bisa mewujudkan targetnya ya! 

Sc: Interview EsportsID
â €â €â €â €â €â €â €â €â €â €â €â €
#EsportsID #EsportsIDQuote #BTRâ€¦ https://t.co/wRuOF6sU0Q",2022-06-08 05:34:03,2022-06-12 12:03:06,,1687,116
206976345,saifuladzlan,"RT @TeamMsia: Kalau senior bermain di home, tidak lupa juga #HarimauMalaya B-23 di Uzbekistan ğŸ‡ºğŸ‡¿ yang menentang juara #SEAGames2021, Vietnaâ€¦",2022-06-08 05:20:39,2022-06-12 12:03:06,,708,612
549062556,zkykb_,"RT @TeamMsia: Kalau senior bermain di home, tidak lupa juga #HarimauMalaya B-23 di Uzbekistan ğŸ‡ºğŸ‡¿ yang menentang juara #SEAGames2021, Vietnaâ€¦",2022-06-08 05:18:32,2022-06-12 12:03:06,,584,277
2758957696,bro_arsenal,"RT @TeamMsia: Kalau senior bermain di home, tidak lupa juga #HarimauMalaya B-23 di Uzbekistan ğŸ‡ºğŸ‡¿ yang menentang juara #SEAGames2021, Vietnaâ€¦",2022-06-08 05:06:24,2022-06-12 12:03:06,,2129,2102
399815217,TeamMsia,"Kalau senior bermain di home, tidak lupa juga #HarimauMalaya B-23 di Uzbekistan ğŸ‡ºğŸ‡¿ yang menentang juaraâ€¦ https://t.co/gVF680c7qQ",2022-06-08 05:00:01,2022-06-12 12:03:06,,620894,833
382460874,z_ray86,RT @ASTROARENA: Terbaring Ahmad Atif Irshad lepas kena illegal jab daripada pahlawan Filipina ni ğŸ˜°  Doakan pahlawan Malaysia kita supaya tiâ€¦,2022-06-08 01:52:53,2022-06-12 12:03:06,,156,510
240793354,portalmediaid,"Atlet Gowa Peraih Emas di Sea Games Vietnam Terima Bonus Puluhan Juta dari Bupati

Terima Kasih Pak @AdnanPurichtaâ€¦ https://t.co/DSMFiHtgJb",2022-06-07 07:52:36,2022-06-12 12:03:06,,1372,1566
3993363553,nabil_azeem,"Tak tengok game pon dh agak akan bungkus balik awal ğŸ˜…

Sukan #SEAGames2021 pon tak lepas ada hati nk bawa team yg sâ€¦ https://t.co/hYlOa0Q5zL",2022-06-05 18:22:31,2022-06-12 12:03:06,,188,2454
969547219,alfateh_07,"RT @TeamMsia: Lewat malam ini #HarimauMalaya B-23 akan turun berdepan skuad naib juara di #SEAGames2021 lepas, Thailand ğŸ‡¹ğŸ‡­.

Lawan yang bukâ€¦",2022-06-05 14:38:36,2022-06-12 12:03:06,,175,770
534602877,misterproff,"RT @TeamMsia: Lewat malam ini #HarimauMalaya B-23 akan turun berdepan skuad naib juara di #SEAGames2021 lepas, Thailand ğŸ‡¹ğŸ‡­.

Lawan yang bukâ€¦",2022-06-05 13:11:32,2022-06-12 12:03:06,,273,271
3315628609,adibfahmi_,"RT @TeamMsia: Lewat malam ini #HarimauMalaya B-23 akan turun berdepan skuad naib juara di #SEAGames2021 lepas, Thailand ğŸ‡¹ğŸ‡­.

Lawan yang bukâ€¦",2022-06-05 11:49:00,2022-06-12 12:03:06,,423,137
1003885706,pulirith,"RT @TeamMsia: Lewat malam ini #HarimauMalaya B-23 akan turun berdepan skuad naib juara di #SEAGames2021 lepas, Thailand ğŸ‡¹ğŸ‡­.

Lawan yang bukâ€¦",2022-06-05 11:29:17,2022-06-12 12:03:06,,464,1141
370744295,Zuuu_Ismails,"RT @TeamMsia: Lewat malam ini #HarimauMalaya B-23 akan turun berdepan skuad naib juara di #SEAGames2021 lepas, Thailand ğŸ‡¹ğŸ‡­.

Lawan yang bukâ€¦",2022-06-05 11:00:03,2022-06-12 12:03:06,,403,168
473720398,atik_amal,"RT @TeamMsia: Lewat malam ini #HarimauMalaya B-23 akan turun berdepan skuad naib juara di #SEAGames2021 lepas, Thailand ğŸ‡¹ğŸ‡­.

Lawan yang bukâ€¦",2022-06-05 10:47:27,2022-06-12 12:03:06,,460,1056
1188251682,Muhd_Zahyd,"RT @TeamMsia: Lewat malam ini #HarimauMalaya B-23 akan turun berdepan skuad naib juara di #SEAGames2021 lepas, Thailand ğŸ‡¹ğŸ‡­.

Lawan yang bukâ€¦",2022-06-05 10:42:06,2022-06-12 12:03:06,,786,574
1457999240802623494,MolekFM,"RT @TeamMsia: Lewat malam ini #HarimauMalaya B-23 akan turun berdepan skuad naib juara di #SEAGames2021 lepas, Thailand ğŸ‡¹ğŸ‡­.

Lawan yang bukâ€¦",2022-06-05 10:34:33,2022-06-12 12:03:06,,211,62
380058469,emmanissss,"RT @TeamMsia: Lewat malam ini #HarimauMalaya B-23 akan turun berdepan skuad naib juara di #SEAGames2021 lepas, Thailand ğŸ‡¹ğŸ‡­.

Lawan yang bukâ€¦",2022-06-05 09:48:02,2022-06-12 12:03:06,,636,490
1132521915048837120,cmslbn,"RT @TeamMsia: Lewat malam ini #HarimauMalaya B-23 akan turun berdepan skuad naib juara di #SEAGames2021 lepas, Thailand ğŸ‡¹ğŸ‡­.

Lawan yang bukâ€¦",2022-06-05 09:30:38,2022-06-12 12:03:06,,3294,3567
1341390985188786179,nnajihah12_,"RT @TeamMsia: Lewat malam ini #HarimauMalaya B-23 akan turun berdepan skuad naib juara di #SEAGames2021 lepas, Thailand ğŸ‡¹ğŸ‡­.

Lawan yang bukâ€¦",2022-06-05 09:21:48,2022-06-12 12:03:06,,959,1535
1878539364,amrlhaqiim,"RT @TeamMsia: Lewat malam ini #HarimauMalaya B-23 akan turun berdepan skuad naib juara di #SEAGames2021 lepas, Thailand ğŸ‡¹ğŸ‡­.

Lawan yang bukâ€¦",2022-06-05 09:20:02,2022-06-12 12:03:06,,116,258
1640837904,TrafalgarZul,"RT @TeamMsia: Lewat malam ini #HarimauMalaya B-23 akan turun berdepan skuad naib juara di #SEAGames2021 lepas, Thailand ğŸ‡¹ğŸ‡­.

Lawan yang bukâ€¦",2022-06-05 08:34:43,2022-06-12 12:03:06,,451,781
1507663448330555392,SPOSTid,"Raih Emas SEA Games, Timnas Basket Indonesia Diguyur Bonus Rp5 Miliar #NEWS #SEAGames2021 #SPOSTid
https://t.co/fWCln0J9v2 lewat @spost.id",2022-06-05 08:30:53,2022-06-12 12:03:06,,396,156
275848991,amrlhaikal,"RT @TeamMsia: Lewat malam ini #HarimauMalaya B-23 akan turun berdepan skuad naib juara di #SEAGames2021 lepas, Thailand ğŸ‡¹ğŸ‡­.

Lawan yang bukâ€¦",2022-06-05 08:24:49,2022-06-12 12:03:06,,281,340
2495837437,AmirulfikriEmas,"RT @TeamMsia: Lewat malam ini #HarimauMalaya B-23 akan turun berdepan skuad naib juara di #SEAGames2021 lepas, Thailand ğŸ‡¹ğŸ‡­.

Lawan yang bukâ€¦",2022-06-05 08:17:01,2022-06-12 12:03:06,,419,313
277440817,farizaumaira,"RT @TeamMsia: Lewat malam ini #HarimauMalaya B-23 akan turun berdepan skuad naib juara di #SEAGames2021 lepas, Thailand ğŸ‡¹ğŸ‡­.

Lawan yang bukâ€¦",2022-06-05 08:11:45,2022-06-12 12:03:06,,280,630
1319652447929823238,naimkudo,"RT @TeamMsia: Lewat malam ini #HarimauMalaya B-23 akan turun berdepan skuad naib juara di #SEAGames2021 lepas, Thailand ğŸ‡¹ğŸ‡­.

Lawan yang bukâ€¦",2022-06-05 07:35:18,2022-06-12 12:03:06,,347,1771
457149781,MeorZafranMZA,"RT @TeamMsia: Lewat malam ini #HarimauMalaya B-23 akan turun berdepan skuad naib juara di #SEAGames2021 lepas, Thailand ğŸ‡¹ğŸ‡­.

Lawan yang bukâ€¦",2022-06-05 06:54:01,2022-06-12 12:03:06,,864,316
1193359970,YusoffFahmi,"RT @TeamMsia: Lewat malam ini #HarimauMalaya B-23 akan turun berdepan skuad naib juara di #SEAGames2021 lepas, Thailand ğŸ‡¹ğŸ‡­.

Lawan yang bukâ€¦",2022-06-05 06:51:01,2022-06-12 12:03:06,,853,796
1470329668305784833,MasFootballHub,"RT @TeamMsia: Lewat malam ini #HarimauMalaya B-23 akan turun berdepan skuad naib juara di #SEAGames2021 lepas, Thailand ğŸ‡¹ğŸ‡­.

Lawan yang bukâ€¦",2022-06-05 06:38:45,2022-06-12 12:03:06,,79,311
932478013,Aezaidie_16,"RT @TeamMsia: Lewat malam ini #HarimauMalaya B-23 akan turun berdepan skuad naib juara di #SEAGames2021 lepas, Thailand ğŸ‡¹ğŸ‡­.

Lawan yang bukâ€¦",2022-06-05 06:37:26,2022-06-12 12:03:06,,329,313
897635623,nikasyrvf,"RT @TeamMsia: Lewat malam ini #HarimauMalaya B-23 akan turun berdepan skuad naib juara di #SEAGames2021 lepas, Thailand ğŸ‡¹ğŸ‡­.

Lawan yang bukâ€¦",2022-06-05 06:36:41,2022-06-12 12:03:06,,548,138
1108721336581414914,syakirain_,"RT @TeamMsia: Lewat malam ini #HarimauMalaya B-23 akan turun berdepan skuad naib juara di #SEAGames2021 lepas, Thailand ğŸ‡¹ğŸ‡­.

Lawan yang bukâ€¦",2022-06-05 06:13:03,2022-06-12 12:03:06,,283,228
429554876,2ulhusn1,"RT @TeamMsia: Lewat malam ini #HarimauMalaya B-23 akan turun berdepan skuad naib juara di #SEAGames2021 lepas, Thailand ğŸ‡¹ğŸ‡­.

Lawan yang bukâ€¦",2022-06-05 06:10:00,2022-06-12 12:03:06,,285,872
1068617323,OneAfiqNazli,"RT @TeamMsia: Lewat malam ini #HarimauMalaya B-23 akan turun berdepan skuad naib juara di #SEAGames2021 lepas, Thailand ğŸ‡¹ğŸ‡­.

Lawan yang bukâ€¦",2022-06-05 06:08:53,2022-06-12 12:03:06,,357,939
1005093130922688512,burnquendro,"RT @TeamMsia: Lewat malam ini #HarimauMalaya B-23 akan turun berdepan skuad naib juara di #SEAGames2021 lepas, Thailand ğŸ‡¹ğŸ‡­.

Lawan yang bukâ€¦",2022-06-05 06:08:50,2022-06-12 12:03:06,,161,333
60223604,shaqibshahril,"RT @TeamMsia: Lewat malam ini #HarimauMalaya B-23 akan turun berdepan skuad naib juara di #SEAGames2021 lepas, Thailand ğŸ‡¹ğŸ‡­.

Lawan yang bukâ€¦",2022-06-05 06:07:14,2022-06-12 12:03:06,,4330,1667
1115272431449415681,nraliahntsha,"RT @TeamMsia: Lewat malam ini #HarimauMalaya B-23 akan turun berdepan skuad naib juara di #SEAGames2021 lepas, Thailand ğŸ‡¹ğŸ‡­.

Lawan yang bukâ€¦",2022-06-05 06:06:17,2022-06-12 12:03:06,,620,370
399815217,TeamMsia,"Lewat malam ini #HarimauMalaya B-23 akan turun berdepan skuad naib juara di #SEAGames2021 lepas, Thailand ğŸ‡¹ğŸ‡­.

Lawaâ€¦ https://t.co/SHNr6FyNqt",2022-06-05 06:06:08,2022-06-12 12:03:06,,620894,833
2714869507,newsmerahputih,"Tim voli indoor putra Indonesia selalu unjuk gigi digelaran SEA Games tematik sore. 

#merahputihcom #voliindonesiaâ€¦ https://t.co/GgUeRQSBRF",2022-06-04 11:11:00,2022-06-12 12:03:06,,8642,201
